{
    "bert_large_squad_ipex": {
      "working_dir": "huggingface/pytorch/question-answering/deployment/squad/ipex/bert_large",
      "data_dir": "/tf_dataset2/models/deep-engine/bert_large",
      "hf_model_name": "bert-large-uncased-whole-word-masking-finetuned-squad",
      "benchmark": {
        "cmd": "bash run_bert_large.sh",
        "params": {
           "model": "bert-large-uncased-whole-word-masking-finetuned-squad",
           "dataset": "squad",
           "precision": "int8/fp32",
           "cache_dir": "${HOME}/.cache/nlp_toolkit/bert_large_squad_ipex",
           "batch_size": 8,
           "sequence_len": 128,
           "warm_up": 8,
           "iteration": 100,
           "mode": "accuracy/throughput" 
        }
      },
      "launcher":{}
    },
    "distilbert_base_squad_ipex": {
      "working_dir": "huggingface/pytorch/question-answering/deployment/squad/ipex/distilbert_base_uncased",
      "data_dir": "/tf_dataset2/models/deep-engine/bert_large",
      "hf_model_name": "distilbert-base-uncased-distilled-squad",
      "benchmark": {
        "cmd": "bash run_distilbert.sh",
        "params": {
           "model": "distilbert-base-uncased-distilled-squad",
           "dataset": "squad",
           "precision": "int8/fp32",
           "cache_dir": "${HOME}/.cache/nlp_toolkit/distil_base_squad_ipex",
           "batch_size": 8,
           "sequence_len": 128,
           "warm_up": 8,
           "iteration": 100,
           "mode": "accuracy/throughput"
        }
      },
      "launcher":{}
    },
    "distilbert_base_squad_sparse_ipex": {
      "working_dir": "huggingface/pytorch/question-answering/deployment/squad/ipex/distilbert_base_uncased_sparse",
      "data_dir": "/tf_dataset2/models/deep-engine/bert_large",
      "hf_model_name": "distilbert-base-uncased-distilled-squad",
      "benchmark": {
        "cmd": "bash run_distilbert_sparse.sh",
        "params": {
           "model": "Intel/distilbert-base-uncased-squadv1.1-sparse-80-1X4-block",
           "dataset": "squad",
           "precision": "int8/fp32",
           "cache_dir": "${HOME}/.cache/nlp_toolkit/distilbert_ipex_sparse",
           "batch_size": 8,
           "sequence_len": 128,
           "warm_up": 8,
           "iteration": 100,
           "mode": "accuracy/throughput"
        }
      },
      "launcher":{}
    }
}